filename,width,height,format,size_kb
m1-1.png,50,50,PNG,4.42
m1-2.png,50,50,PNG,4.68
m1-3.png,50,50,PNG,4.66
m1-4.png,50,50,PNG,4.55
m1-5.png,50,50,PNG,4.45
m1-6.png,50,50,PNG,3.91
m1-7.png,50,50,PNG,3.91
m10-1.png,50,50,PNG,4.52
m10-2.png,50,50,PNG,4.28
m10-3.png,50,50,PNG,4.36
m10-4.png,50,50,PNG,4.26
m10-5.png,50,50,PNG,4.7
m10-6.png,50,50,PNG,4.43
m10-7.png,50,50,PNG,3.87
m100-1.png,50,50,PNG,4.68
m100-2.png,50,50,PNG,4.61
m100-3.png,50,50,PNG,4.85
m100-4.png,50,50,PNG,4.63
m100-5.png,50,50,PNG,4.87
m100-6.png,50,50,PNG,4.75
m100-7.png,50,50,PNG,4.23
m11-1.png,50,50,PNG,5.58
m11-2.png,50,50,PNG,4.21
m11-3.png,50,50,PNG,4.52
m11-4.png,50,50,PNG,4.48
m11-5.png,50,50,PNG,4.66
m11-6.png,50,50,PNG,4.17
m11-7.png,50,50,PNG,4.21
m13-1.png,50,50,PNG,4.51
m13-2.png,50,50,PNG,4.5
m13-3.png,50,50,PNG,4.48
m13-5.png,50,50,PNG,4.99
m13-6.png,50,50,PNG,4.47
m13-7.png,50,50,PNG,4.14
m17-1.png,50,50,PNG,5.07
m17-2.png,50,50,PNG,4.46
m17-3.png,50,50,PNG,4.63
m17-4.png,50,50,PNG,4.48
m17-5.png,50,50,PNG,4.59
m17-6.png,50,50,PNG,3.98
m17-7.png,50,50,PNG,4.18
m2-1.png,50,50,PNG,4.33
m2-2.png,50,50,PNG,4.57
m2-3.png,50,50,PNG,4.42
m2-4.png,50,50,PNG,4.44
m2-5.png,50,50,PNG,4.69
m2-6.png,50,50,PNG,3.62
m2-7.png,50,50,PNG,3.85
m23-1.png,50,50,PNG,4.4
m23-2.png,50,50,PNG,4.46
m23-3.png,50,50,PNG,4.76
m23-4.png,50,50,PNG,4.58
m23-5.png,50,50,PNG,4.76
m23-6.png,50,50,PNG,4.29
m23-7.png,50,50,PNG,4.15
m25-1.png,50,50,PNG,4.55
m25-2.png,50,50,PNG,4.39
m25-3.png,50,50,PNG,4.56
m25-4.png,50,50,PNG,4.54
m25-5.png,50,50,PNG,4.92
m25-6.png,50,50,PNG,4.59
m25-7.png,50,50,PNG,4.19
m3-1.png,50,50,PNG,4.88
m3-2.png,50,50,PNG,4.8
m3-3.png,50,50,PNG,4.47
m3-4.png,50,50,PNG,4.55
m3-5.png,50,50,PNG,4.62
m3-6.png,50,50,PNG,4.65
m3-7.png,50,50,PNG,4.51
m30-1.png,50,50,PNG,4.77
m30-2.png,50,50,PNG,4.84
m30-3.png,50,50,PNG,4.01
m30-4.png,50,50,PNG,3.9
m30-5.png,50,50,PNG,4.76
m30-6.png,50,50,PNG,3.83
m30-7.png,50,50,PNG,3.47
m32-1.png,50,50,PNG,4.45
m32-2.png,50,50,PNG,4.48
m32-3.png,50,50,PNG,4.57
m32-4.png,50,50,PNG,4.77
m32-5.png,50,50,PNG,4.71
m32-6.png,50,50,PNG,4.34
m32-7.png,50,50,PNG,3.77
m34-1.png,50,50,PNG,4.29
m34-2.png,50,50,PNG,5.22
m34-3.png,50,50,PNG,4.42
m34-4.png,50,50,PNG,4.91
m34-5.png,50,50,PNG,4.78
m34-6.png,50,50,PNG,4.18
m34-7.png,50,50,PNG,3.87
m36-1.png,50,50,PNG,4.48
m36-2.png,50,50,PNG,4.42
m36-3.png,50,50,PNG,4.65
m36-4.png,50,50,PNG,4.51
m36-5.png,50,50,PNG,4.26
m36-6.png,50,50,PNG,4.45
m36-7.png,50,50,PNG,4.27
m37-1.png,50,50,PNG,4.43
m37-2.png,50,50,PNG,5.15
m37-3.png,50,50,PNG,4.32
m37-4.png,50,50,PNG,4.3
m37-5.png,50,50,PNG,4.83
m37-6.png,50,50,PNG,4.68
m37-7.png,50,50,PNG,4.02
m38-1.png,50,50,PNG,3.15
m38-2.png,50,50,PNG,3.2
m38-3.png,50,50,PNG,3.37
m38-4.png,50,50,PNG,3.3
m38-5.png,50,50,PNG,3.43
m38-6.png,50,50,PNG,3.14
m38-7.png,50,50,PNG,3.37
m39-1.png,50,50,PNG,4.9
m39-2.png,50,50,PNG,5.77
m39-3.png,50,50,PNG,4.64
m39-4.png,50,50,PNG,4.45
m39-5.png,50,50,PNG,4.2
m39-6.png,50,50,PNG,4.36
m39-7.png,50,50,PNG,5.11
m39-8.png,50,50,PNG,5.33
m4-1.png,50,50,PNG,4.36
m4-2.png,50,50,PNG,4.69
m4-3.png,50,50,PNG,4.65
m4-4.png,50,50,PNG,4.64
m4-5.png,50,50,PNG,4.36
m4-6.png,50,50,PNG,4.27
m4-7.png,50,50,PNG,4.16
m41-1.png,50,50,PNG,4.9
m41-2.png,50,50,PNG,5.24
m41-3.png,50,50,PNG,5.0
m41-4.png,50,50,PNG,5.07
m41-5.png,50,50,PNG,5.05
m41-6.png,50,50,PNG,4.52
m41-7.png,50,50,PNG,5.52
m42-1.png,50,50,PNG,4.68
m42-2.png,50,50,PNG,4.65
m42-3.png,50,50,PNG,4.5
m42-4.png,50,50,PNG,4.69
m42-5.png,50,50,PNG,4.93
m42-6.png,50,50,PNG,4.68
m42-7.png,50,50,PNG,3.97
m43-1.png,50,50,PNG,4.93
m43-2.png,50,50,PNG,4.96
m43-3.png,50,50,PNG,4.69
m43-4.png,50,50,PNG,4.88
m43-5.png,50,50,PNG,4.83
m43-6.png,50,50,PNG,4.76
m43-7.png,50,50,PNG,4.26
m44-1.png,50,50,PNG,5.25
m44-2.png,50,50,PNG,5.21
m44-3.png,50,50,PNG,4.83
m44-4.png,50,50,PNG,5.33
m44-5.png,50,50,PNG,5.23
m44-6.png,50,50,PNG,4.83
m44-7.png,50,50,PNG,4.68
m45-1.png,50,50,PNG,5.2
m45-2.png,50,50,PNG,4.98
m45-3.png,50,50,PNG,5.09
m45-4.png,50,50,PNG,4.95
m45-5.png,50,50,PNG,4.65
m45-6.png,50,50,PNG,4.71
m45-7.png,50,50,PNG,4.27
m47-1.png,50,50,PNG,4.84
m47-2.png,50,50,PNG,4.79
m47-3.png,50,50,PNG,4.63
m47-4.png,50,50,PNG,4.63
m47-5.png,50,50,PNG,5.01
m47-6.png,50,50,PNG,4.81
m47-7.png,50,50,PNG,4.24
m48-1.png,50,50,PNG,5.24
m48-2.png,50,50,PNG,4.75
m48-3.png,50,50,PNG,5.03
m48-4.png,50,50,PNG,4.98
m48-5.png,50,50,PNG,4.62
m48-6.png,50,50,PNG,4.37
m48-7.png,50,50,PNG,4.34
m49-1.png,50,50,PNG,4.6
m49-2.png,50,50,PNG,4.34
m49-3.png,50,50,PNG,4.5
m49-4.png,50,50,PNG,4.59
m49-5.png,50,50,PNG,4.58
m49-6.png,50,50,PNG,4.59
m49-7.png,50,50,PNG,5.24
m5-1.png,50,50,PNG,4.99
m5-2.png,50,50,PNG,4.96
m5-3.png,50,50,PNG,4.83
m5-4.png,50,50,PNG,4.83
m5-5.png,50,50,PNG,4.83
m5-6.png,50,50,PNG,4.67
m5-7.png,50,50,PNG,4.19
m50-1.png,50,50,PNG,4.9
m50-2.png,50,50,PNG,4.8
m50-3.png,50,50,PNG,4.74
m50-4.png,50,50,PNG,4.8
m50-5.png,50,50,PNG,5.0
m50-6.png,50,50,PNG,4.52
m50-7.png,50,50,PNG,4.4
m51-1.png,50,50,PNG,4.38
m51-2.png,50,50,PNG,4.78
m51-3.png,50,50,PNG,4.38
m51-4.png,50,50,PNG,4.51
m51-5.png,50,50,PNG,4.71
m51-6.png,50,50,PNG,4.21
m51-7.png,50,50,PNG,3.99
m52-1.png,50,50,PNG,4.7
m52-2.png,50,50,PNG,4.61
m52-3.png,50,50,PNG,4.74
m52-4.png,50,50,PNG,4.61
m52-5.png,50,50,PNG,4.99
m52-6.png,50,50,PNG,4.51
m52-7.png,50,50,PNG,4.05
m53-1.png,50,50,PNG,5.09
m53-2.png,50,50,PNG,4.9
m53-3.png,50,50,PNG,5.08
m53-4.png,50,50,PNG,4.9
m53-5.png,50,50,PNG,4.87
m53-6.png,50,50,PNG,4.35
m53-7.png,50,50,PNG,4.78
m54-1.png,50,50,PNG,4.85
m54-2.png,50,50,PNG,4.76
m54-3.png,50,50,PNG,4.83
m54-4.png,50,50,PNG,4.71
m54-5.png,50,50,PNG,4.74
m54-6.png,50,50,PNG,4.21
m54-7.png,50,50,PNG,4.24
m55-1.png,50,50,PNG,4.94
m55-2.png,50,50,PNG,5.03
m55-3.png,50,50,PNG,4.86
m55-4.png,50,50,PNG,4.84
m55-5.png,50,50,PNG,5.11
m55-6.png,50,50,PNG,4.49
m55-7.png,50,50,PNG,4.79
m56-1.png,50,50,PNG,4.63
m56-2.png,50,50,PNG,4.86
m56-3.png,50,50,PNG,4.61
m56-4.png,50,50,PNG,4.74
m56-5.png,50,50,PNG,4.76
m56-6.png,50,50,PNG,4.68
m56-7.png,50,50,PNG,4.62
m57-1.png,50,50,PNG,4.98
m57-2.png,50,50,PNG,5.03
m57-3.png,50,50,PNG,4.89
m57-4.png,50,50,PNG,4.83
m57-5.png,50,50,PNG,4.72
m57-6.png,50,50,PNG,4.91
m57-7.png,50,50,PNG,4.77
m58-1.png,50,50,PNG,5.11
m58-2.png,50,50,PNG,5.07
m58-3.png,50,50,PNG,5.18
m58-4.png,50,50,PNG,4.95
m58-5.png,50,50,PNG,4.78
m58-6.png,50,50,PNG,4.51
m58-7.png,50,50,PNG,4.66
m59-1.png,50,50,PNG,4.55
m59-2.png,50,50,PNG,4.34
m59-3.png,50,50,PNG,4.46
m59-4.png,50,50,PNG,4.6
m59-5.png,50,50,PNG,4.79
m59-6.png,50,50,PNG,4.46
m59-7.png,50,50,PNG,4.33
m60-1.png,50,50,PNG,4.82
m60-2.png,50,50,PNG,4.63
m60-3.png,50,50,PNG,4.8
m60-4.png,50,50,PNG,4.68
m60-5.png,50,50,PNG,4.82
m60-6.png,50,50,PNG,4.45
m60-7.png,50,50,PNG,4.08
m62-1.png,50,50,PNG,5.12
m62-2.png,50,50,PNG,5.26
m62-3.png,50,50,PNG,5.21
m62-4.png,50,50,PNG,5.22
m62-5.png,50,50,PNG,4.8
m62-6.png,50,50,PNG,4.51
m62-7.png,50,50,PNG,4.6
m63-1.png,50,50,PNG,4.96
m63-2.png,50,50,PNG,4.83
m63-3.png,50,50,PNG,4.88
m63-4.png,50,50,PNG,4.78
m63-5.png,50,50,PNG,4.49
m63-6.png,50,50,PNG,4.53
m63-7.png,50,50,PNG,4.58
m64-1.png,50,50,PNG,4.66
m64-2.png,50,50,PNG,4.48
m64-3.png,50,50,PNG,4.37
m64-4.png,50,50,PNG,4.57
m64-5.png,50,50,PNG,4.94
m64-6.png,50,50,PNG,4.2
m64-7.png,50,50,PNG,4.09
m65-1.png,50,50,PNG,4.63
m65-2.png,50,50,PNG,4.69
m65-3.png,50,50,PNG,4.57
m65-4.png,50,50,PNG,4.47
m65-5.png,50,50,PNG,4.39
m65-6.png,50,50,PNG,4.79
m65-7.png,50,50,PNG,4.19
m66-1.png,50,50,PNG,4.51
m66-2.png,50,50,PNG,4.44
m66-3.png,50,50,PNG,4.59
m66-4.png,50,50,PNG,4.66
m66-5.png,50,50,PNG,4.92
m66-6.png,50,50,PNG,4.33
m66-7.png,50,50,PNG,4.43
m67-1.png,50,50,PNG,4.86
m67-2.png,50,50,PNG,4.75
m67-3.png,50,50,PNG,4.49
m67-4.png,50,50,PNG,4.32
m67-5.png,50,50,PNG,4.64
m67-6.png,50,50,PNG,3.96
m67-7.png,50,50,PNG,3.96
m68-1.png,50,50,PNG,5.0
m68-2.png,50,50,PNG,4.88
m68-3.png,50,50,PNG,4.87
m68-4.png,50,50,PNG,4.86
m68-5.png,50,50,PNG,4.58
m68-6.png,50,50,PNG,4.74
m68-7.png,50,50,PNG,4.46
m69-1.png,50,50,PNG,4.64
m69-2.png,50,50,PNG,4.79
m69-3.png,50,50,PNG,4.58
m69-4.png,50,50,PNG,4.47
m69-5.png,50,50,PNG,4.55
m69-6.png,50,50,PNG,4.76
m69-7.png,50,50,PNG,4.48
m70-1.png,50,50,PNG,4.59
m70-2.png,50,50,PNG,4.72
m70-3.png,50,50,PNG,4.88
m70-4.png,50,50,PNG,4.83
m70-5.png,50,50,PNG,4.69
m70-6.png,50,50,PNG,4.07
m70-7.png,50,50,PNG,4.41
m71-1.png,50,50,PNG,5.15
m71-2.png,50,50,PNG,5.2
m71-3.png,50,50,PNG,5.12
m71-4.png,50,50,PNG,5.02
m71-5.png,50,50,PNG,4.51
m71-6.png,50,50,PNG,4.44
m71-7.png,50,50,PNG,4.03
m72-1.png,50,50,PNG,4.34
m72-2.png,50,50,PNG,4.62
m72-3.png,50,50,PNG,4.41
m72-4.png,50,50,PNG,4.52
m72-5.png,50,50,PNG,4.61
m72-6.png,50,50,PNG,3.91
m72-7.png,50,50,PNG,5.01
m73-1.png,50,50,PNG,4.52
m73-2.png,50,50,PNG,4.79
m73-3.png,50,50,PNG,4.75
m73-4.png,50,50,PNG,4.77
m73-5.png,50,50,PNG,4.8
m73-6.png,50,50,PNG,4.14
m73-7.png,50,50,PNG,4.14
m74-1.png,50,50,PNG,4.56
m74-2.png,50,50,PNG,4.97
m74-3.png,50,50,PNG,4.74
m74-4.png,50,50,PNG,4.58
m74-5.png,50,50,PNG,4.6
m74-6.png,50,50,PNG,4.55
m74-7.png,50,50,PNG,4.1
m75-1.png,50,50,PNG,4.6
m75-2.png,50,50,PNG,4.54
m75-3.png,50,50,PNG,4.64
m75-4.png,50,50,PNG,4.32
m75-5.png,50,50,PNG,4.56
m75-6.png,50,50,PNG,3.64
m75-7.png,50,50,PNG,4.09
m76-1.png,50,50,PNG,5.11
m76-2.png,50,50,PNG,5.33
m76-3.png,50,50,PNG,5.68
m76-4.png,50,50,PNG,5.49
m76-5.png,50,50,PNG,4.51
m76-6.png,50,50,PNG,4.75
m76-7.png,50,50,PNG,4.47
m77-1.png,50,50,PNG,4.59
m77-2.png,50,50,PNG,4.59
m77-3.png,50,50,PNG,4.23
m77-4.png,50,50,PNG,4.58
m77-5.png,50,50,PNG,4.47
m77-6.png,50,50,PNG,4.7
m77-7.png,50,50,PNG,4.16
m78-1.png,50,50,PNG,4.61
m78-2.png,50,50,PNG,4.56
m78-3.png,50,50,PNG,4.66
m78-4.png,50,50,PNG,4.58
m78-5.png,50,50,PNG,4.68
m78-6.png,50,50,PNG,3.91
m78-7.png,50,50,PNG,3.86
m8-1.png,50,50,PNG,3.89
m8-2.png,50,50,PNG,5.01
m8-3.png,50,50,PNG,4.06
m8-4.png,50,50,PNG,4.08
m8-5.png,50,50,PNG,3.8
m8-6.png,50,50,PNG,3.49
m8-7.png,50,50,PNG,3.87
m80-1.png,50,50,PNG,4.8
m80-2.png,50,50,PNG,4.77
m80-3.png,50,50,PNG,4.56
m80-4.png,50,50,PNG,4.45
m80-5.png,50,50,PNG,4.54
m80-6.png,50,50,PNG,4.23
m80-7.png,50,50,PNG,3.79
m81-1.png,50,50,PNG,4.37
m81-2.png,50,50,PNG,4.61
m81-3.png,50,50,PNG,5.28
m81-4.png,50,50,PNG,6.43
m81-5.png,50,50,PNG,4.58
m81-6.png,50,50,PNG,3.59
m81-7.png,50,50,PNG,3.79
m83-1.png,50,50,PNG,5.12
m83-2.png,50,50,PNG,5.07
m83-3.png,50,50,PNG,5.02
m83-4.png,50,50,PNG,4.93
m83-5.png,50,50,PNG,3.98
m83-6.png,50,50,PNG,5.37
m83-7.png,50,50,PNG,4.04
m84-1.png,50,50,PNG,4.59
m84-2.png,50,50,PNG,4.57
m84-3.png,50,50,PNG,4.47
m84-4.png,50,50,PNG,4.44
m84-5.png,50,50,PNG,4.39
m84-6.png,50,50,PNG,3.97
m84-7.png,50,50,PNG,3.63
m85-1.png,50,50,PNG,4.83
m85-2.png,50,50,PNG,4.77
m85-3.png,50,50,PNG,4.61
m85-4.png,50,50,PNG,6.05
m85-5.png,50,50,PNG,4.61
m85-6.png,50,50,PNG,4.46
m85-7.png,50,50,PNG,4.04
m86-1.png,50,50,PNG,4.74
m86-2.png,50,50,PNG,4.81
m86-3.png,50,50,PNG,4.94
m86-4.png,50,50,PNG,4.82
m86-5.png,50,50,PNG,4.66
m86-6.png,50,50,PNG,4.33
m86-7.png,50,50,PNG,4.18
m88-1.png,50,50,PNG,4.82
m88-2.png,50,50,PNG,4.73
m88-3.png,50,50,PNG,5.53
m88-4.png,50,50,PNG,5.25
m88-5.png,50,50,PNG,4.47
m88-6.png,50,50,PNG,4.34
m88-7.png,50,50,PNG,4.48
m90-1.png,50,50,PNG,4.85
m90-2.png,50,50,PNG,4.53
m90-3.png,50,50,PNG,4.89
m90-4.png,50,50,PNG,4.53
m90-5.png,50,50,PNG,4.44
m90-6.png,50,50,PNG,4.56
m90-7.png,50,50,PNG,4.25
m91-1.png,50,50,PNG,4.78
m91-2.png,50,50,PNG,4.87
m91-3.png,50,50,PNG,4.75
m91-4.png,50,50,PNG,4.92
m91-5.png,50,50,PNG,4.51
m91-6.png,50,50,PNG,4.53
m91-7.png,50,50,PNG,4.11
m92-1.png,50,50,PNG,4.72
m92-2.png,50,50,PNG,4.62
m92-3.png,50,50,PNG,5.82
m92-4.png,50,50,PNG,4.47
m92-5.png,50,50,PNG,4.4
m92-6.png,50,50,PNG,4.64
m92-7.png,50,50,PNG,4.59
m93-1.png,50,50,PNG,4.8
m93-2.png,50,50,PNG,4.63
m93-3.png,50,50,PNG,5.41
m93-4.png,50,50,PNG,4.72
m93-5.png,50,50,PNG,4.66
m93-6.png,50,50,PNG,4.0
m93-7.png,50,50,PNG,4.08
m94-1.png,50,50,PNG,4.74
m94-2.png,50,50,PNG,4.53
m94-3.png,50,50,PNG,4.92
m94-4.png,50,50,PNG,4.86
m94-5.png,50,50,PNG,4.37
m94-6.png,50,50,PNG,4.33
m94-7.png,50,50,PNG,4.11
m95-1.png,50,50,PNG,4.8
m95-2.png,50,50,PNG,4.82
m95-3.png,50,50,PNG,5.7
m95-4.png,50,50,PNG,4.82
m95-5.png,50,50,PNG,4.8
m95-6.png,50,50,PNG,4.71
m95-7.png,50,50,PNG,4.52
m96-1.png,50,50,PNG,4.27
m96-2.png,50,50,PNG,4.4
m96-3.png,50,50,PNG,4.75
m96-4.png,50,50,PNG,4.67
m96-5.png,50,50,PNG,4.2
m96-6.png,50,50,PNG,3.93
m96-7.png,50,50,PNG,4.42
m99-1.png,50,50,PNG,4.64
m99-2.png,50,50,PNG,4.79
m99-3.png,50,50,PNG,5.22
m99-4.png,50,50,PNG,4.52
m99-5.png,50,50,PNG,4.44
m99-6.png,50,50,PNG,4.13
m99-7.png,50,50,PNG,4.24
